{
  "macro_average": 0.9835,
  "model": "openai/gpt-4o-mini",
  "tasks": {
    "triage_easy_password_reset": {
      "assignment": 0.2,
      "classification": 0.25,
      "efficiency": 0.03333333333333334,
      "outcome": 0.4,
      "response": 0.15,
      "score": 1.0
    },
    "triage_hard_backlog_optimization": {
      "assignment": 0.19999999999999998,
      "classification": 0.25,
      "efficiency": 0.004166666666666663,
      "outcome": 0.39999999999999997,
      "response": 0.125,
      "score": 0.9791666666666666
    },
    "triage_medium_mixed_queue": {
      "assignment": 0.20000000000000004,
      "classification": 0.25,
      "efficiency": 0.021428571428571432,
      "outcome": 0.4000000000000001,
      "response": 0.09999999999999999,
      "score": 0.9714285714285715
    }
  }
}
